static_unique_ids,unique_ids
liwigegu_28,9k7pvd7izl
nudusosi_51,8y6sck62xf
hipugusu_53,nin1v1npba
lubepata_68,zimuby8uzj
dudebino_86,7lxicqnrzy
bufukepo_12,6s648e8s6p
dudiwibe_42,8ivkxwnhva
dohudehu_88,zqzi9oxozd
tahohibu_47,mrbine8k72
wobikafi_29,macixavwv3
pofokage_60,7293noz3xj
vubuhupi_33,6qca6qnfme
tilawefu_54,vlbdnoxlnh
dafunafu_89,vt9ynkzyna
nadopeku_42,7273c1naba
weveliga_02,vomrbsm2vf
pudomile_09,6t8u6kcr8t
sefebure_67,9ez1cpzj7k
kagigigo_11,vwv4nfc18o
bipefupe_61,bjbfctc1b3
litiwebi_67,zimixdvdxd
foreluta_77,vpnhmtmyxh
hukipehi_82,62xp6e9yzs
pipefoti_15,9lmkmh8s8r
falitasi_95,z26gbl9pme
forevoda_90,cgx3mkzhmd
gitugeno_69,n5cgzabi8t
dahuroro_16,95x1ctvenl
buwuhafu_29,npbq9ynjn2
kovotovo_15,9fnimdm395
kurigopa_59,mgcecdv2z3
vitigiko_32,6h9ozjn37g
romaniwa_64,x19jvf73mh
huhotalo_04,7i7s9pzuco
mifevalu_51,z5ms8a629a
ligasamo_48,bf6hny8img
gewaleta_40,64vo6w8wvq
tusuvipu_95,b4nj9dmw7r
padetogu_76,x2vtvkcezt
wulesele_25,xozr8f7p7g
hiwiwihu_78,n3bobiv39q
lesalogo_47,brnhny8y92
robugifi_86,xfzwchntme
hobawahi_82,mfme9lbtxq
lusakotu_12,8a9gmrcfcu
feberaho_56,xq9axa9dxa
pegarefi_78,zk9q9yn3b2
tovurawo_07,b583vr8hvw
sobanise_64,xfvhck9gcs
silikima_82,vwbhvwmjmw
fimikihi_36,b4nrnqvl8h
patereta_39,z2nh817ene
gupivili_18,miceml8yc1
gosutewi_87,zr6s6qzdx2
gibalufe_49,vgzkzqx5cf
nowovato_53,8jz4x16hvw
dufavuhi_28,xfndvkclnp
nipihefi_79,8h9snabqca
sufasifa_74,7av2zgmqvp
wuleputi_61,bwzk8k6rb4
nihoralu_31,mkvpml8q9e
sidetigu_09,njnumq9w7r
huniraba_68,binlzubqnp
hevotoda_04,94x5nkmjmf
somihobe_43,6exo6pcwbt
nisapapa_42,826d7a7y6t
pudodeke_27,9oxrmebhm1
tanepabo_91,mp6lno9jzr
sewemiwa_49,n5858d8o9j
tumapiku_17,bt8r6jz26o
diheteku_11,8ymh8qnl6o
nubimoga_43,xjng8s8lxi
hifotewa_45,6384vt7pml
monenego_57,8avd8d7rbe
voreleho_09,8una9s8exe
bolowupa_67,94vpmqvh9p
nuvemudu_36,bpctcem482
nuraweso_69,njntmu9w93
hihetehu_26,z2vdc1bh7y
fuwawelu_74,9p8d7fvjbr
dufidaki_82,zdvt8a8f7j
vivakipu_06,nt8e6qmac2
gifukila_90,9sx5z4m1x1
nomerato_59,9pb4c1927h
gumulebu_95,zez2zp9o7o
siposiha_91,xfbhx5nyvd
miriwesu_20,vw7y8dvyvy
benopilo_27,zi9svixkvk
vesamude_86,z2xszectcs
nalilusu_96,v2blxebixh
nanulowi_12,mrn1ch8r6s
ropewili_39,639a63mabs
madodabo_13,mpb2movibu
tedupagi_20,8gnt9rnd92
hikatoni_68,v3v5ztxt7q
netupapa_32,9obw8dbrvy
tinurahe_78,9amabibdx4
hevafetu_79,nocg9ivex1
fokisene_42,6qvlcl6iv2
guludilu_83,92zoc5vkm5
vowogimu_40,8i63m2b5ve
mafopafu_28,8pmqmq9r8f
gotipodi_81,zemeclx1vu
banebani_47,na9exovani
fubinava_52,xsnsnozgxq
pamokowi_11,ve7fb4vi8w
nopiwofu_62,mpbqn3cs8t
gihudora_11,bo8lz185z1
matakasi_32,ntx38tmfxi
wenugigi_99,cy94mecq6g
bukasivi_86,v5cym3nycg
nukeberi_94,8l919k6s7p
tisesewa_34,8uxgxpblcs
vulefowe_97,6f9fzy7ac5
vuhivohi_15,mq8o71z58t
gikitoto_97,9pv49ox2c1
tonodale_85,8wxibl7lm4
gapisuhu_64,9emsc3bl7g
nusunese_10,mg7ev1mu7i
govevoku_29,vlxp9abd6h
farediwe_59,8hmkmu8szs
numirapa_80,vtnfnrbh6s
sopewisu_64,xu6ivyvfvf
ketorupa_70,vk7anu6rxe
bemosuvu_25,nanybe6u9u
velipipo_27,vj7t6185ma
didabone_91,9pzh8yxixe
hiduvato_87,8g6g9dv47g
pikeboga_81,bg8h8562zi
sihubuse_79,zobr6ebk8u
bahumiwi_27,m57pntxkml
meganitu_72,zibtxizjzl
gadibiwu_67,bgcpc2vabf
tiwigove_77,xy6kzjninu
revidodi_65,6d6a8a637i
luladeva_57,6tmjv4myvg
piriloma_39,muvhc5xj6l
ledisosi_11,mjvo7lcwzf
goranefi_13,7y92xqcoby
ludukene_34,949rnem5z2
wosotidi_76,vfxezkmsv2
makemise_91,b5757fmaxd
rerunogu_02,71ndxsch8y
linepadu_21,7rxl94ve74
lomopase_06,82bucfb28a
fefipudu_41,mkmsvkcyc5
wefevatu_48,7ex5numq8u
hafesuna_72,npvumg7g93
nusofaru_02,br926e9ins
dibubasi_73,8481z1n1na
womepeva_40,9rz5nl9g6o
bilowega_61,me8d9sx47e
hevefado_59,7ymenpzh6u
hamotubu_55,95nfmd6fce
tosiheru_39,9hc58scr8f
mefavina_55,xwvhnh9sx4
sifuhafu_97,xk8e8g6acu
lusedumo_81,6pvt6r95ve
wogeputa_44,cqbrnhbacg
funoreti_18,7omp8dmamf
pakemevu_88,b1mh6qmj62
dekasude_19,cgvy7ext9g
pinusoka_42,zw9pbrnabj
kebebame_47,6jxeb5v4z3
vinanira_19,vtntbhvtz3
tobekari_39,8k7expx2bp
lasiwove_72,zwvqnhbk7f
garigehu_85,61mwz4ny85
dakapaka_21,zr9ic2zaz5
fedenige_95,xtbocq9o6p
femogole_58,7h62vo74x4
pisaninu_19,71ndci8rx3
rewihori_75,bjngmqvp9t
hesunepe_11,8k72z48d9l
wupafinu_69,ngn4xec1mo
tobaviko_79,xjxdzi73bg
lariwewe_21,6tvo819y9e
tabaweha_70,mjctxrx3zf
pinoferu_57,8p9s83co9h
rihomoki_98,zgxg9o7kny
pokagoso_17,ze6y7p9y8i
turavira_45,xlbfb49wml
bedosule_08,6fcdbh9fz2
nukuleki_35,7h7yns937p
fusaveka_83,mj7wbfb5nt
ludonune_66,z36lb3bdcq
visavema_93,6pv3bi6fb5
vikufaki_48,9gcdxhzemj
wiponogu_47,mhmlnu9ynw
pupowusa_52,vwcwxo9r7e
dimebabi_81,vwxfn3blxi
fefafibo_58,8jvfcyvk92
mufodibi_00,7yce9484mq
dahahima_66,zebabecec1
kowobidi_39,zavgcone6h
labakoba_47,bfn273nkc2
benakitu_77,7f7svsnpvg
mevidaha_20,847uxp8gmp
kipapuro_09,7f8pm5mhnu
dupureke_04,v57txw6dbw
tevudope_03,vi83m1vkxe
sevegiwu_56,b5n5949r6e
fosagemo_62,nrml6dms9l
nibataru_13,xk8ubhclcl
hemebiki_33,m28in4xy9q
vogefuba_10,xpv27gbo9j
kovutali_30,7qxq8lce9u
lefesesi_72,7tzyvtn26o
sikefesu_05,xdz3v5vgcg
mavuhiba_85,7qm56wxj8s
ninepabo_68,x5nlvgnaxj
vaganusi_32,7ic1vt7pz4
hatifule_60,mp7svl6j8s
nufawefe_07,xuvkcucdzf
mokulori_96,xlziv2zr9g
poboleni_97,8p8evt9pcg
lifowego_15,7u7k75mebp
hetideve_68,x57yxezkxl
tuputade_90,cgxkbicgz4
sawelase_41,mtv3ca7585
nufepeka_03,nivdbkxfbl
tifowedo_72,c28gcrm4mi
lukugare_97,mhcp8tvtch
bakefuri_01,mu6omk6k9l
nefopisi_40,bpvynr7p9w
dutomove_97,xw9y6rbkxr
vupatuvi_70,np6o8wmhzt
tarefika_37,c5b59y8d85
molomugo_01,9i6ixublcr
laluluri_24,m4vd7ac3by
fanirule_70,v1vs8s7jvo
vapitufu_93,9txdvicqcf
rumusati_19,8561zfxl7q
hodokeba_78,vp7gxqv191
muheruve_15,mg6hclb29d
rutipike_20,7e6fm2ci7f
bokasoni_11,9pna8avr6y
nuvoveva_45,vwm4v3vtvj
runawunu_06,zpne9km3c5
gufularu_48,6dzhcimdxs
futisare_95,63xlmhno8h
kugikali_34,656qniby7j
tilitamo_14,7en56j64mi
gesanume_52,b5cgvsb16w
dukogara_53,npb383nemf
hunufawe_18,6lzwn2bgms
gobewuko_38,9e8jmu7hmo
vivabawu_08,mony9ibt9r
mumobuga_22,xg6exl6rmp
lefesoro_67,mububjnwc2
nupadave_89,v3ck75caxk
reladohi_96,8p858rmumw
mibopame_69,nk8in1n383
mowikuvi_38,8gnovr727t
tidohalo_64,m2vw81ba6e
mipurali_27,zwnung6s71
firinivu_44,mtclmozw8t
wisupona_71,zqbqxjxfzs
fetoperi_97,x48d9oc591
deranisa_33,v4zonyzw7d
megarovo_44,nu64ni7a6i
wagemeto_91,65xlxp7o8i
lutevope_28,x4zsxdmanr
tohimipi_11,vjvfzpb48y
wuravupi_89,826imfvjm5
vagibaso_52,x5xfz16h95
koterono_06,z17s6dzu6r
vikopema_97,6svsc4bqxh
dobodoti_49,nl9gb2csx5
lumunovo_13,v1bebhmeny
batiheni_59,nwxkm3c5b5
tapefidi_57,z3ngxhbrz4
legomego_48,m46e6tbr84
fadaluvo_34,8s9ecomu9g
budabebu_36,v1vpxgbg9s
resatuvi_32,b2n4xizhb5
risabori_21,cfxf8a919e
safumeda_76,6pze7evdnf
lesitike_73,7ave8rzrzj
humadito_01,mkbrzh8kv5
penowido_59,c48lx363be
palodutu_03,v5ckmsnqxi
dubigudu_94,x49lcfvt9h
mohonema_92,7jmf7ovlzg
wemukege_95,6qzs7tzuzh
henevane_85,84m4v2bixy
bohanafu_34,zdxw9azjza
getasuge_91,mwxdzp8g7u
betawako_67,8snlxpnhmq
kugilivu_00,6jzdzg8uxg
sibisoba_08,ciz582njzs
lafebofo_83,8qzamrb4m2
sogimopu_79,nt6wv1n27r
relukemo_60,vlz3v37tbe
ginatoto_68,8lmuzfxs7i
rubuwovi_46,zu9uxkbuvi
folatese_05,bqz1739szf
bivesowo_25,8y6kndztvd
muwaruhu_48,nh7wz4z4z3
peduledi_11,6f9h7p9gml
hisorone_54,xacsbgvp8u
hutovuli_65,7pcjnemg6i
fahohiho_60,cq7smr6lvj
wepohufi_55,9y85x1cp6e
bositede_93,mgndb17w74
bedewovi_98,9lxdbr83vj
rowobuki_89,7lvqz1bixq
surovine_00,xdbfv49kv2
pawilube_27,bj6ynenuzg
vevunore_58,8enlmt6g9o
larosimi_37,vqmf726a6g
vabusuwo_25,mlxezs8u7t
pidakomu_19,b3vpnpclco
fodohoba_72,6pmrzrv36f
gehohigi_44,bdctzwcg8h
rekinahu_02,x18q7u8s9q
volekase_05,ba8hnf8a72
defesano_92,cfmuzlbrmt
tasiruwi_28,ctz1c1vtzf
nefanupo_28,z3crz1z1ca
fifitoto_64,vunhmsbrml
widiseda_47,bazw7av5z3
mumasolo_02,vrmizw7t71
luduhopu_08,zuzwxhvuxe
vemohano_91,8qmsn4myba
tekohenu_47,bjco9w9az1
befafera_42,94c49i6w8e
wohubati_86,vyngx56i9r
dobepupo_52,vrzwmd6amk
wuriliho_18,8jcf9uvdna
wehutada_15,8j9wxa8r7h
terepobe_52,8aninpxk7i
tugekato_56,8tx2vung6y
lorugope_17,726qvjbezr
dakomonu_82,m1be7p8ong
bopapura_27,cjv5cyz2mi
gedideko_58,x1c29kc28e
sakorupu_58,7r8iztcrza
gavupolu_50,m16tvk8h7g
posufite_98,cux19tvl92
kameruba_67,6snu8hnom1
pipigoru_76,xw6r9rvwn1
woribiba_55,cj9j73cd7o
tutopada_09,mp64vpn5nl
legepode_15,9qzl9t7l84
sawekiri_57,7f6t7ov4mi
pufinaki_91,m5bozlnems
bopogamo_08,zhvh759485
ligekugu_54,xemg9wb27y
sasinowa_37,9g7f8evqzt
hogodupu_40,cln3xecgbt
mukatefi_29,bovpx1cicf
sogeduti_05,b4z3m1cuv2
puremusi_80,v2mr8jn471
litivapi_09,vimuzrny8h
hewitowe_79,8dzkny726t
rahepisa_08,mtbhcenjme
laviguwo_68,xqc57imgbj
fokokapa_43,zib1bfvomd
homehene_02,vy9rzkvkxy
pivaligi_94,cr6rcena9l
sakigunu_96,mwc4xhbg8y
litefome_58,cfmi928w8s
dewelebe_28,v4m4bdnrxf
tarutepo_19,71zscl648f
namanuda_06,7f7fmr6r82
falikuno_54,xdb38t6wnq
sivigake_83,9h8gv5b27f
vegibiva_22,8kx291v4xl
giponibi_38,cj9hmo6e63
nohukaku_05,zfmf9kma8r
karakupi_19,bubams6rnj
gusaviva_57,8u7f647q7l
lumefowo_32,7q9h6yzqzr
pifehasi_37,zy8fbgxfzk
limisafi_22,6rvfvebg72
namogomi_37,c1vimsmgnt
golowari_68,xyb56hcezq
sarebilo_71,bgvr62z2ce
begodoku_54,9573vicg7f
rupevafo_93,vj8l8uba9y
mahevefi_21,6i7i8pcln3
reburidi_67,mpbd6sz1z5
mamarasi_57,bf62xe83vs
vowunuhe_26,ml6snhmqxe
wukirape_55,8u9wb5na7o
nudewita_66,93cucixaxt
sumemapa_29,ni84nybl6w
wuwohohi_25,b3maz37tbt
bunosovi_82,vhck6u84bj
tonotufa_30,64m4zexw8u
rogapamu_38,95c29e9f6h
fiviluva_44,xy9dbin5vl
fenuluhi_50,x1n19yngvf
tafanoma_41,xinjvwnunp
pahuligi_87,c47lc2956y
favesuso_24,mibh7jcez4
bobureso_82,73n595mecl
tipitagu_49,9ochme8294
hemubehi_60,nscdbpmdct
wesopeno_25,x18ycpz3xf
rapihufa_65,b3nqv1mkby
suduhihi_39,x49a63bpcp
kanokako_00,83xy939ocw
tekuguke_16,6uce7w6jvg
kawapito_31,v47av3mg9h
diwuvovu_66,x5vszh8abd
desugima_38,nsnp73cq7r
nifivaga_79,n3m194ce9y
norenufu_77,mt74vibqnu
dewowela_58,crb2ntzs6e
fenugaki_16,nt6f6ubucs
wepalenu_83,8axj627w7j
rivesefo_70,brbim1myvu
vuwotere_97,ninhnd8p8k
haperope_45,ctxk75blvu
beludene_85,xe7p8tc5z5
gipasamu_47,zdvl727qzg
tawahini_77,9tbh728h84
bofevevo_24,cf9lbhvjmq
lepawuwi_82,vwxrnun48g
pewoduho_88,bkxunev3v5
rusilufo_01,7on5md7rng
gadokavi_37,nd919pnr6q
savewunu_70,xazi8h919j
tasovudi_62,nf65zg7qn5
tinehonu_78,vox2mwch72
defewire_85,zt6h7jv5m3
hegemuti_00,756d7e9wvd
bakamigo_14,mfzdxob48f
puwudedi_38,vov36l6gzu
tatiwuri_62,6e9l6r9pzo
natovisi_92,727lmkmq74
fedigeri_06,zunqxh6g9j
dotetawe_44,mrx27lnyno
dugigawo_56,venl726a9w
nafelope_63,vhx36qcuv2
gotimowa_61,mwxw7o7f8p
lutuvusi_20,cgm1bsvoc2
resubigo_00,by8f8lmtb5
vepadubo_23,xhbabrx4zq
mesopimi_19,nkm5bynaza
wufevuha_42,ns9qx28fnj
pusufige_95,7h6fvg6o8q
kimukimi_33,8fbr7abpve
lukafetu_23,vovgximhm2
fipumava_06,xtzu8y8265
kuhefume_53,byvy65vtvs
rikofigo_96,93vtvdvwvt
fuwosamo_03,bjb4m17oc3
vobakero_54,xp8g7lc3c4
guvureli_14,65xtx2xjxq
sapatope_40,858tbkm5bt
veweruhi_60,mlva81bg7p
lonisomo_40,7t9o9ansxr
bumiluke_79,vucd739a75
lesusima_53,9wzqvtmw6a
kubigeka_13,73ndxo8lmf
pobogufa_67,7y9jbo8um2
nofeveni_71,6gmf61vu9u
kiromube_47,v1zexkm39r
henihuha_52,zqxqcs9s65
fitegofa_27,m4z27rmum4
saponusi_49,n28kvyb5bh
sogekugo_18,v2xdzuv2z3
sekirifi_64,9txr9jzr85
magileka_81,9pzqvr8y9t
sukufuwe_09,8i9dmaxqx1
diparisa_14,zo9p9en4n3
danohuwe_06,nrcym162cp
rodemuvo_62,6lxhx4xd6t
huhagise_98,nqbg9pml8t
gamivine_55,b19q9p6k72
gisohelo_80,7h8k8wvg6i
megolabo_42,b4cyvy8km4
gapoliba_00,8l9r8fmtxe
gelubohe_63,7fbtmpmqmt
nanihofi_83,nynu9j6pv4
sobogota_03,8y8acg9qbd
hesafedo_45,vr82ct64c4
woforino_56,zlbp9jm19g
revisogo_52,z1muvaxuxe
talefuko_14,7h7fcf8ax3
rebisepi_12,c38dvjmwbu
batufago_01,zy9dzknhnj
bugutuha_61,nr7h9s6j85
sunapamu_58,8rze7acixu
punafeti_69,nazu9q9l9h
kahumila_99,b5cib48g9t
huwirufa_42,mq9ubk9y7l
suwarasi_95,nyby9p8kba
topohoru_83,9uxemw7rv2
patumefa_91,co6pbqzlma
vetedifo_90,baxf8p7emk
malakofi_73,9u7w7emec4
gihegimu_66,7j64ce6ym4
pelobebu_03,bu6k6wcgc2
degosena_78,9i6exizd6k
raraweme_68,8hzf7ecw84
badogihe_02,xfnavfzrmh
hepifaha_25,628gc38a7i
taruhege_70,xwnybfx26p
givivobi_81,md7oztcizu
ganoseti_85,8ebo7t6fmh
vadugane_40,zdzjvez4cd
niwomavo_81,n5vh62x3vi
ninivoti_17,bpca8h8um4
rahovohi_74,vo73717r8d
nedovehu_21,c1mg7hxk8w
bidefohu_61,8ubw9ezpxt
nipagaki_99,8y9k7pzp8h
masugaki_00,mqxi8q7kvd
wodafura_16,vt658pbemi
huditiwa_16,718371bub1
mohovehi_56,xamp7yb1bs
hepitowu_02,8ock7k7o7j
gipeliri_11,zwmivrzazu
hohodisu_80,mtx37emg6e
kiwodita_59,x2vln2mtz5
lebitiko_22,cknq93bavw
gupivahi_35,94bp857y9g
kiduhiho_88,72m4mr6avj
nugasuti_95,btb3nrzu7j
hokinoke_17,7unwm38pxk
kegisubo_44,7ln2nfzp7q
dowuhika_61,zwzkbkcf8a
dutekaro_37,cebrceny62
kelupino_93,7i7rxubobo
sitabape_26,6qmy8j7fz2
bedopohu_81,6hmpcenqc3
futawene_32,8dce6kz2vf
bafifika_58,vhv39q6e9j
luvupopa_44,7am4vwzi7p
papigidi_08,zjbyn5ck81
rafonete_06,v2ms9fbozq
gakobasu_99,btxpm3chml
tokumabu_24,c49snimjvd
tudeweti_95,6sx5cpbtch
sofalapu_09,bp7ynac4my
perorera_93,61vrb2m4xo
sumumamo_46,6avov5cy64
fivopase_39,vsvsms92ng
vidopupu_28,6l6yzemrzu
milarani_57,byna7ivi7k
vidotohe_74,mwmg9p7s6o
wopowuvu_86,xd7aciztvu
liwihiha_75,73nhvjxyxf
buwatomi_52,bkmq8dc4n3
ravirove_06,956fmhzlxk
fupivufa_25,95zh7p8kno
satuvona_08,cy6icqboc2
genawaro_90,brz29y6qmy
himesegu_66,vhxsmhbjzf
kuvukapa_27,9inyzl728q
vagedola_94,be9lbazfzl
lupodeme_04,vqmdms9e8u
genuweve_16,cjz4959on3
lukoranu_29,xhm27f9ub5
nilepibo_23,m4cacfvjvh
wukuviga_65,7g8hvsnlbt
gasumodi_36,cg8p7fxq65
fakababo_18,nhb1vs72b5
nudehelu_36,61zo9k6tb5
womapeva_27,moxlxq9fzl
semiboge_75,bpb5847o93
wihakagi_95,7qcdcw95va
dimukunu_19,c2nwzqc16o
gusidebo_56,vlnjnwvqmf
sinekage_65,vtzi7tcony
roranese_04,ci8sv291xo
mulitobu_67,6ablco7pvg
vehusiwi_45,b17rcizk6s
hisiviva_57,8ynlx48yva
hutikehu_48,c58lba8i7t
lunebuha_38,ngc56lno8h
rusupero_60,nh8tmr7yxt
bemidoma_36,7umymtza7a
rugikete_58,cs6tmd6jcl
wakuhote_36,x28sxszlb3
ninorusa_87,nu7hbg6rnt
luwepuhe_39,xrnsn5z48p
wenihagu_84,xs6lxizqni
fapegupa_76,6dxsvlbymt
tifevobe_10,74buzazd8y
mufurufa_56,9w9h6rm2ze
desudove_28,bhxl6lb4mo
sagebeve_83,be7wm39lmp
pupateta_71,brbizonjmy
pokiviwe_87,8fxi6rmp75
sulunata_70,zszinjv3zf
tobibipi_29,6r716sxr9t
holovula_85,cazivwbq94
lihudehu_54,ckbg7d9u6u
mekodowo_72,6lv4x2nemp
fafobime_33,7wva6g9284
mabomira_06,94vpcyzh9u
posebaki_65,zf8gzgzl83
fukenahi_44,bdzo7ixszl
falekupa_53,vfzuxav2nk
huwahefu_55,nevk9r7azj
mubovari_65,bt8rz3babw
gulefesa_37,xib58r75vq
viwirora_32,8hzkzt7lnq
nelikoda_62,9lvpvfvaxt
muvidalu_03,m4chmhm28w
haduwepa_67,brcynp6y65
rugevubu_59,9wvd757p8j
watifago_85,6amrb4m49u
tuvigeno_32,9pbu9hzwct
megelewe_00,my9w6lvoc4
susuhosu_69,vr9rxdnhcr
doloruko_00,n2c3mfb4xt
titibada_59,chx36a8jm4
getowoku_68,v4xj9g7rz4
fefesutu_89,8yvqvqmkvk
tetigune_32,cgbd9aca81
hapebeku_39,ny6ymf6pzu
bodagofo_04,x3cqcfzsxp
mupovafa_36,75c47k9txp
kuguroge_46,958f61mszh
fibulepa_13,ni9lbdvi7a
hipiwuni_93,926dnunrxf
sibekebi_30,xacfck9qz5
timoveku_54,75bdvivym1
tudigave_18,vsve9q7szk
levawipa_25,cs6h639hcr
bumoseru_78,919hvh8qx3
mipipudu_11,61my8rcr8g
folaguhe_81,nrcw64c2z4
gedipupe_50,v2xp7jz4va
hebekona_59,73covdml9f
nipibemi_41,bqz5zt7e7d
solakufe_43,9ubpbf758a
gumufoke_99,va7f6rmecj
mibaliro_01,xazkmy7wbd
bohaboru_25,n5bi8y9dcq
suvivudu_54,7exdme93c3
liguforu_10,vj9emizen1
mivolami_91,6enacpvqmd
rigodahe_94,vt8r6r6evl
kagidibe_58,cwxrzrvf9q
pukigola_24,xyzaza8a9d
pogolevo_50,bdbizg74vt
lekogodo_62,xonhb1cgnq
padufibe_67,9d6y74b5by
dibitiku_24,63nuv5ze7k
palowolo_13,8lblb5ngx4
gowonani_27,zq7p6imezi
domutifa_69,v59s9lxdxr
tanokori_79,bsnrco9qzj
garoweti_64,cqv5n56q6s
deguvosa_60,9ezyci85vg
nobepusi_66,9yn4m16ux1
fehasivi_10,c5no8tnjxu
rukupuna_96,mi8ob2xq9h
gibolupa_19,nu94n3v4n4
wabiwika_09,b27dcjm2vi
bepohogi_00,zu6lnfze71
wesobebu_17,9fzsxk828a
gonepugu_26,bk6p7e8r71
tosisube_88,z39g648rnl
kusodaro_87,9axibpzqzk
mupipiwe_21,z594nexjnh
sorihehi_75,nk8en4m1va
dobofufu_90,75xkcazgmi
mikebali_59,ml747fxjvh
bunavomu_59,zoxsbkmyna
gefavamo_95,cjbpzhz4b2
silitibi_65,8lzp7lnfb1
losihana_58,br956hxtxu
mopudewu_36,noxwco8km2
geripetu_96,b2md8e8i6i
lupewafa_30,cen2nlmtcs
nipiluli_61,bovtbhmf6p
litapiha_37,9ivycocdvw
pufomode_89,627hc5xp7g
dadohosu_70,ca7u6o9ins
siletobe_14,xt8acw8ynt
katewona_05,bpzg627t6k
ledibeno_97,cycs7lbq6w
bunigabo_77,x2xj6wb48k
roruhena_86,vovl8d7wvi
penalavi_31,vqbd7f6uzw
tudugufe_67,mf8k6q8a73
povesune_06,7d8im4b46r
dopopagi_27,vp7fvs6q81
koroteno_74,8uxs7rmu7j
hagitele_59,919j7q7snl
kubopate_22,mu8371nu81
dumufanu_75,946gc3z2n3
wufenore_29,82nqcezo9d
sukalovo_22,xd9pc2nkxi
vorobufo_15,6k9qn3cw6w
lihawowe_37,74b4m4mkzo
bafonuva_58,nqm1bwml9k
huwutifo_97,vfxe6pvlmp
kobutone_49,v18ivsnk7i
tirelopa_87,6gmi85xrbk
kusuduso_66,z5c3z18q6i
fitinenu_71,zlxp81bazy
meliwifo_25,bo7wnlvw9r
bukavage_98,nevt8k6on5
tofobono_31,9g9t6u7g63
dosodebu_78,nfnkxqmixp
fivabovo_45,9yz2mt8hbh
demusepi_38,ny9t9uzamk
vunuvuwa_63,cpvjb5bl6g
lapihepa_82,b49kx4c19q
dosihadi_13,bs8obtmo7t
rokesiso_08,8u94muxqzw
refidiwa_46,muctm5nibd
lefenumu_72,6snp9u9s7w
waguhata_18,n4xq8uv1cu
falamawu_12,9pcuce7e8y
dadopuwi_36,9kbj716a6d
kitalulo_47,cant6qca6o
popuvona_01,vq7u8qxez5
lodavopu_79,zynemucrv1
soruwiri_37,vgxovobyvj
ladobesu_05,br6l6pxy6a
fuwavehu_02,c4m16r6ovk
wobuviwo_09,94z4ni7f8h
daguhise_89,cdzsctvs7s
fuworote_60,7hc1ztmlmt
sasuvatu_10,zizr7rvpxs
favibufu_95,9izlbdmh7d
hiruhuga_76,9j83zhzpvf
dofumewo_30,naxd7svtvy
fetofope_53,6qzuzp7hb4
hasonuku_06,xk7onu7y7j
binakire_68,6fzy7kcrxy
bakuvade_48,vgxp94xi9i
hofuvete_55,8tbt7595cu
haputoho_52,xtxh6t8hml
kuhabawu_77,ztx181b46g
finutiru_47,mhcrz3cp7k
latekupe_45,njxoct7qxj
sahaniki_97,cp856yvovd
worufoli_45,muvw7fzfco
pegivadu_09,6ictmpxy8i
ravotude_23,xwv57obf7j
tonuriku_81,by8wbo8fzp
nutatasi_33,ck7tbsmovj
guripepo_20,mpconl6axt
vepubidi_00,7ymwcu8pxg
pobehole_01,6jvtxdvwcp
wudohudi_26,myc4ng73xh
hehuhawe_55,xtva9k7oxj
mavevulo_50,xi9e6jmibp
damefuwu_23,zq9ech9sn1
tonaresa_23,mi7wn3cjc4
dinodike_63,zexwz46fno
pevumovi_12,bj6fnwms8a
kalabudu_61,crnonhbf6j
guhihuri_44,9knf9fnkzg
nalutare_61,9s617rcd63
dipetoho_03,br9rnlclvs
gahufuge_15,8fze8rxf8w
muvihuri_16,9gbu72vr9r
talehoke_94,m3msb4xo9f
funotita_12,cung63bez1
puwelovo_77,nu9i8pzf8t
kedovopu_17,vavgxsblns
labirawe_58,6l91cam4xh
pofipebe_99,zjz5cfx57r
vovivivo_55,xjmicf6h7l
damagino_29,zd64ms9gm2
noferivo_32,cl6t71vyce
pifomela_85,np7lzic2cu
dupakoma_24,m4b28yb1md
vawahepi_61,8kvd8qnim4
ledoduwe_72,6fnuvfzjzg
dufekedo_75,n3mrbs62xe
gahagiku_94,ch9w7u628q
bilugewo_87,ne6icjxrzg
pihagodo_53,x5ngb48dbr
pohubobi_37,ndzwv4vpzw
wusarohu_31,91746y6g6i
mewemone_58,mjxwnlva6u
beweduma_38,6qcdb4bov2
megudane_14,6qve7u7fcu
nadumila_38,zd649jns6w
bawefiba_84,cy92vdcuc2
habirera_55,cubqbpzd7k
mufofase_02,7ynav474cs
siriwona_97,xgzu8wnebu
tomiseki_74,momkzj9r84
gasuhuku_77,6qxh6scs71
gemaleru_09,6aztxrbh63
lefomole_85,z16tcf65ng
kimehosu_33,vhcw7d85cr
tapakopa_02,ni6svhmw74
nokalula_71,c19an46fbo
vogotamu_49,6w7ezj7gml
dawanupa_00,6l7fnyctmt
kotirifo_05,m265my9jzy
kovitopo_02,n36axdbw65
terewuta_98,nl8w9a7imi
kepisegi_86,9i9tbk9unp
nitakete_11,xlxsmd7acr
tunovesi_26,xknkzqnhbj
soraloda_99,zgntxjxrvj
viwimiho_63,8dc48gcd9s
vepawepo_18,cdm48gxynp
rakaguwe_37,bpc2nk6qz1
defeliha_27,7ovu7jbu6r
wesikera_00,ze8ymybjct
pitibuho_92,ch6uvhmkn1
bulopimi_89,73vqnqmtbk
nuvomudi_47,vsxlxlblxh
gilulufo_30,n19acoxr63
wedesule_95,mo7wxem3b2
butihuwi_89,vl9on5zpm1
lelegavi_27,7rckbjxs6p
karuhesa_45,xtxa7qzenu
vehenomo_63,nkmd71vt9q
bonesewu_38,vhnkve7ev1
tagovobo_67,7fvk74mhcj
hapodubu_57,757hbo9tvy
himisepu_97,npcdcwz1ny
nimeduno_64,8495vjvsc3
tetalova_75,64cg6j9any
radamode_39,8lcp8ovj8k
makahame_77,xf9h8s7hve
gegidori_95,bsv4nex29l
pofetino_16,7h6wxjnf7t
tewatite_92,xi9ibgbrmr
duhalure_58,n58lnkcg94
fovisiwu_49,n1msv5cs94
bufikesa_80,blxg8ymfxq
tudidihu_23,vtc49sbtxg
tusogawo_61,74nk9gvobr
nelegapo_62,cfzam1mdbf
pewuwomi_68,xezebt7ynp
fagusuho_29,cfcivdxrc2
hidudafe_70,xs8lb2cy74
sidetuva_45,m2zs8rx1bu
wedanabu_07,cpxgcwnfxk
nefifiti_94,xjbj6fbfn1
tukidene_32,vh9gx4n2xg
digometi_47,cecdzics8p
rumukifi_34,9w84vpn58i
vakuvolu_78,8pbwb19jnl
tulavota_99,v29jxynu73
pukuvole_86,bynub4vic2
musiduva_52,zsbwcu6t9e
sukugiba_31,xocpchckzr
samiruga_64,m29j648g6i
hahisiho_69,mi8knibhnk
matinabu_65,nl7iv1zh95
hunotora_96,zh6rc56hzs
tibunubi_40,z5muc5brza
ritikube_51,ckmlcq7hne
nihaweta_30,xoxjmq6j91
kiliheni_42,cica8ozani
wafaredu_55,vsxwb5746i
sososude_26,v1xpx482ba
domapaki_48,b46enqnq8e
goguhabe_06,8q7rvici9e
pivovota_50,8p937183bh
togekubo_92,9kn5ndbd9f
pasiholo_64,6r9r8fvi64
vonigeho_33,mqxt75zk7l
negideke_33,vpxempnt8w
nidebalo_03,npzjnr6r93
simasofu_31,75cjmhn4nk
welamape_60,bi8r9yml9h
mekerani_33,ni6hzave9k
nagebifa_33,cw847gcq91
nonaveve_62,6gbs95ce83
bosefulo_88,xibavw7s7l
kunapilu_95,chbybwve8f
tagudopa_94,xgz4728r7f
guvurofa_87,njna8hv4mi
muputeso_57,z2xu82ntc5
bukupeho_00,6f75benrvj
luhatera_15,bszu7yzjct
hudanulu_15,ci6uv5n3zj
leberego_80,85z4msnl6o
tabihoki_98,9e6evkclch
lubepado_45,9ibazfvjmw
ruvenope_05,zhci7ans9k
fosapina_80,616q7wbszh
tivilire_22,9qztzg84nh
gulemisu_97,zy75bwmf8t
bagiwopi_82,mivw6szlvy
belarapa_87,blxoxe7d7h
mokuhiwa_74,clc2b1mavs
wisovavo_77,c1ztxybsvk
gukihevi_71,xh939azfng
gowuwotu_93,mhn49px3vt
mevebupo_04,cw8ln3bec5
veliwepe_45,cqbax4mr9q
nofavupa_13,m271vhmrmr
meraduto_63,9pm4mycy8o
solupene_49,7qbjxhn3bu
kuhularo_93,b49gzyc1c2
girusare_70,zaz5ck72zr
kopufesa_06,7s64xl8oca
sotukise_64,vu6uxj6sbl
negawiga_57,vkmenhcsn1
podituve_32,cgvo94v5cp
posahivi_15,chblzgzezr
leterahu_82,cl7icw7qzy
gulomabe_27,bwmrbuztvs
nodemewu_51,z38g7fmsbq
kutebore_86,m2bs8w82x5
tofesiho_77,mp659s8i8q
dafelino_96,63zjmin5vg
sefutobe_55,x1bach9acg
leparote_43,b1bk8kv57d
puvanobu_34,xrb48g9iva
turuhuvo_70,cubdn2z4cy
gulumiwu_84,zj8hbybscg
vahuvote_07,c1na8ebl65
ravilupe_28,8q7s8s9qnk
wunadile_92,82mwbwbgbl
didefivi_21,6ec4nkca91
nadadagi_05,cgbuc1nk9o
torotehe_47,xuzl8amt8s
lahahuko_59,c38hcs8lxe
fefumihu_51,xgmkzuxf8g
kakoruto_53,9h8rmpxjnw
rotalipe_52,7y7knw9jx1
lisupura_09,7t7qns9qzj
letewehu_64,9lcpn26kv5
vohanita_09,7ymj7t9l8p
miwirewo_18,6w6sbkvy6j
vowevuto_37,73xo8jvsnl
pilevula_29,zanqv2xtvk
laresisi_32,81meck64ba
vugisapo_17,vy8u939fbr
nefoseti_54,xoxgxg7p7p
mofogive_61,6snsbh9pno
pogasige_97,6obuvfvi9d
hubigelo_30,mj6hxlvrcu
sahibalo_33,9y8162zsc2
rasugiwo_45,vl6uvqne6d
tolamana_51,n2bdvrz3mt
vinalodi_36,cfmgvrcy83
vifowupo_06,zrct94bd7l
kidikebi_35,c3mp6jmgzq
torarigi_61,84c2ctxsxe
subokeli_95,zi6s8gxjzr
nimidedo_67,zu74bsvrxt
nufewuge_48,9knk63mjcw
morirefo_09,6u6hzrmrcj
mukohewo_74,zon4z3vpvd
dihipolo_50,xjb5bicemt
tuwasaba_01,nkcsv18j8j
todipeko_44,vhbaxp9wmh
tifenuda_12,8aza84xlvs
ribotolu_73,6hb47285m1
lobemari_33,ck638t75z3
tekovolo_67,min261bjzd
kogiveto_28,c1mkzq9kc4
leledoku_48,b19l7hx1v2
gibaludu_29,mkbj6e6e9p
bufihusi_66,9f9ybtvpcy
holepifa_08,6r6pmimq9t
muhiludu_64,mivibwxq93
gohimuvo_22,91bsvp8hms
tasoligo_60,8lnjbfcrv5
kadavegu_49,8ixs9szims
liwufiro_73,7smo7wxez5
nivubago_08,846ynybu75
pitokiko_97,xu94m1zf7f
