Column1,id,stoich
95c29e9f6h,0,AB2
8ixs9szims,100,AB2
be7wm39lmp,101,AB2
bynub4vic2,102,AB2
mqxi8q7kvd,103,AB2
81meck64ba,104,AB2
7fvk74mhcj,105,AB2
zon4z3vpvd,106,AB2
c48lx363be,107,AB2
vhbaxp9wmh,108,AB2
bovtbhmf6p,109,AB2
crnonhbf6j,10,AB2
7ln2nfzp7q,110,AB2
8qzamrb4m2,111,AB2
vt658pbemi,112,AB2
zd64ms9gm2,113,AB2
9qztzg84nh,114,AB2
846ynybu75,115,AB2
8hzf7ecw84,116,AB2
xgz4728r7f,117,AB2
xoxjmq6j91,118,AB2
bkxunev3v5,119,AB2
baxf8p7emk,11,AB2
8hzkzt7lnq,120,AB2
8fze8rxf8w,121,AB2
z3ngxhbrz4,122,AB2
cf9lbhvjmq,123,AB2
vr9rxdnhcr,124,AB2
cy92vdcuc2,125,AB2
nh8tmr7yxt,126,AB2
zu74bsvrxt,127,AB2
bdzo7ixszl,128,AB2
7i7rxubobo,129,AB2
cica8ozani,12,AB2
zexwz46fno,130,AB2
n5vh62x3vi,131,AB2
brbizonjmy,132,AB2
njxoct7qxj,133,AB2
8rze7acixu,134,AB2
nl7iv1zh95,135,AB2
bpzg627t6k,136,AB2
8dzkny726t,137,AB2
mpconl6axt,138,AB2
my9w6lvoc4,139,AB2
cjv5cyz2mi,13,AB2
co6pbqzlma,140,AB2
8ebo7t6fmh,141,AB2
cjz4959on3,142,AB2
958f61mszh,143,AB2
nevk9r7azj,144,AB2
va7f6rmecj,145,AB2
zhci7ans9k,146,AB2
xdbfv49kv2,147,AB2
br956hxtxu,148,AB2
c3mp6jmgzq,149,AB2
zlbp9jm19g,14,AB2
7j64ce6ym4,150,AB2
6ablco7pvg,151,AB2
6fzy7kcrxy,152,AB2
b19l7hx1v2,153,AB2
73n595mecl,154,AB2
bgvr62z2ce,155,AB2
v4xj9g7rz4,156,AB2
cln3xecgbt,157,AB2
xhm27f9ub5,158,AB2
9kn5ndbd9f,159,AB2
vqbd7f6uzw,15,AB2
xyzaza8a9d,160,AB2
6l7fnyctmt,161,AB2
b46enqnq8e,162,AB2
ninhnd8p8k,163,AB2
xocpchckzr,164,AB2
vtc49sbtxg,165,AB2
v2ms9fbozq,166,AB2
ckbg7d9u6u,167,AB2
bjco9w9az1,168,AB2
mpbd6sz1z5,169,AB2
6gmi85xrbk,16,AB2
ns9qx28fnj,170,AB2
blxg8ymfxq,171,AB2
xacsbgvp8u,172,AB2
cant6qca6o,173,AB2
chbybwve8f,174,AB2
6avov5cy64,175,AB2
946gc3z2n3,176,AB2
64cg6j9any,177,AB2
7rckbjxs6p,178,AB2
vhcw7d85cr,179,AB2
ciz582njzs,17,AB2
m265my9jzy,180,AB2
cwxrzrvf9q,181,AB2
n19acoxr63,182,AB2
6hb47285m1,183,AB2
nh7wz4z4z3,184,AB2
7umymtza7a,185,AB2
95zh7p8kno,186,AB2
cdm48gxynp,187,AB2
8y6kndztvd,188,AB2
zunqxh6g9j,189,AB2
vox2mwch72,18,AB2
8pbwb19jnl,190,AB2
z38g7fmsbq,191,AB2
clc2b1mavs,192,AB2
cqbax4mr9q,193,AB2
xjb5bicemt,194,AB2
x1bach9acg,195,AB2
9y85x1cp6e,196,AB2
xgmkzuxf8g,197,AB2
zuzwxhvuxe,198,AB2
cfcivdxrc2,199,AB2
zj8hbybscg,19,AB2
zh6rc56hzs,1,AB2
m29j648g6i,200,AB2
6u6hzrmrcj,201,AB2
venl726a9w,202,AB2
v1xpx482ba,203,AB2
vt8r6r6evl,204,AB2
cfmgvrcy83,205,AB2
xjmicf6h7l,206,AB2
ckmlcq7hne,207,AB2
zjbyn5ck81,208,AB2
z16tcf65ng,209,AB2
m16tvk8h7g,20,AB2
919j7q7snl,210,AB2
9gbu72vr9r,211,AB2
6lxhx4xd6t,212,AB2
ch6uvhmkn1,213,AB2
65xtx2xjxq,214,AB2
9g7f8evqzt,215,AB2
xamp7yb1bs,216,AB2
7t7qns9qzj,217,AB2
vhck6u84bj,218,AB2
x18ycpz3xf,219,AB2
9lvpvfvaxt,21,AB2
bs8obtmo7t,220,AB2
mwxw7o7f8p,221,AB2
zib1bfvomd,222,AB2
8jcf9uvdna,223,AB2
7jmf7ovlzg,224,AB2
zqxqcs9s65,225,AB2
v2xp7jz4va,226,AB2
61zo9k6tb5,227,AB2
858tbkm5bt,228,AB2
cy6icqboc2,229,AB2
7wva6g9284,22,AB2
7qcdcw95va,230,AB2
mlva81bg7p,231,AB2
vj8l8uba9y,232,AB2
nt6wv1n27r,233,AB2
n2c3mfb4xt,234,AB2
6qxh6scs71,235,AB2
xazi8h919j,236,AB2
zwzkbkcf8a,237,AB2
m4cacfvjvh,238,AB2
cecdzics8p,239,AB2
8dce6kz2vf,23,AB2
crb2ntzs6e,240,AB2
9izlbdmh7d,241,AB2
vpxempnt8w,242,AB2
zy75bwmf8t,243,AB2
9uxemw7rv2,244,AB2
9s617rcd63,245,AB2
vrmizw7t71,246,AB2
v5ckmsnqxi,247,AB2
vimuzrny8h,248,AB2
9knf9fnkzg,249,AB2
nevt8k6on5,24,AB2
bj6ynenuzg,250,AB2
c38hcs8lxe,251,AB2
mq9ubk9y7l,252,AB2
bt8rz3babw,253,AB2
94bp857y9g,254,AB2
nrcw64c2z4,255,AB2
vkmenhcsn1,256,AB2
91bsvp8hms,257,AB2
83xy939ocw,258,AB2
8uxs7rmu7j,259,AB2
z39g648rnl,25,AB2
ni84nybl6w,260,AB2
vsvsms92ng,261,AB2
vunhmsbrml,262,AB2
c49snimjvd,263,AB2
mt74vibqnu,264,AB2
75bdvivym1,265,AB2
9pcuce7e8y,266,AB2
cgbd9aca81,267,AB2
75xkcazgmi,268,AB2
nf65zg7qn5,269,AB2
9g9t6u7g63,26,AB2
7s64xl8oca,270,AB2
c47lc2956y,271,AB2
cqv5n56q6s,272,AB2
v18ivsnk7i,273,AB2
cazivwbq94,274,AB2
8tx2vung6y,275,AB2
cfmuzlbrmt,276,AB2
mo7wxem3b2,277,AB2
nhb1vs72b5,278,AB2
vl9on5zpm1,279,AB2
7t9o9ansxr,27,AB2
7y9jbo8um2,280,AB2
ni9lbdvi7a,281,AB2
cjbpzhz4b2,282,AB2
9h8gv5b27f,283,AB2
xwnybfx26p,284,AB2
zt6h7jv5m3,285,AB2
vy9rzkvkxy,286,AB2
vp7fvs6q81,287,AB2
7fbtmpmqmt,288,AB2
ngc56lno8h,289,AB2
cknq93bavw,28,AB2
9pm4mycy8o,290,AB2
vy8u939fbr,291,AB2
94z4ni7f8h,292,AB2
mibh7jcez4,293,AB2
xfnavfzrmh,294,AB2
bi8r9yml9h,295,AB2
n58lnkcg94,296,AB2
c19an46fbo,297,AB2
vu6uxj6sbl,298,AB2
zi6s8gxjzr,299,AB2
nl8w9a7imi,29,AB2
ml6snhmqxe,2,AB2
9pzqvr8y9t,300,AB2
6enacpvqmd,301,AB2
c2nwzqc16o,302,AB2
6amrb4m49u,303,AB2
z5muc5brza,304,AB2
7h6fvg6o8q,305,AB2
vfxe6pvlmp,306,AB2
z5c3z18q6i,307,AB2
6qmy8j7fz2,308,AB2
xlxsmd7acr,309,AB2
ni6hzave9k,30,AB2
by8wbo8fzp,310,AB2
be9lbazfzl,311,AB2
n36axdbw65,312,AB2
8aninpxk7i,313,AB2
n5bi8y9dcq,314,AB2
z2xu82ntc5,315,AB2
m3msb4xo9f,316,AB2
6l91cam4xh,317,AB2
x49lcfvt9h,318,AB2
8kx291v4xl,319,AB2
vsxlxlblxh,31,AB2
xd9pc2nkxi,320,AB2
6qve7u7fcu,321,AB2
vrzwmd6amk,322,AB2
x2xj6wb48k,323,AB2
cj9hmo6e63,324,AB2
bf62xe83vs,325,AB2
6ec4nkca91,326,AB2
v4m4bdnrxf,327,AB2
v59s9lxdxr,328,AB2
6pze7evdnf,329,AB2
vyngx56i9r,32,AB2
ze8ymybjct,330,AB2
6sx5cpbtch,331,AB2
956fmhzlxk,332,AB2
muvw7fzfco,333,AB2
ctz1c1vtzf,334,AB2
9i9tbk9unp,335,AB2
74buzazd8y,336,AB2
7smo7wxez5,337,AB2
7r8iztcrza,338,AB2
cr6rcena9l,339,AB2
75cjmhn4nk,33,AB2
6snp9u9s7w,340,AB2
6qzs7tzuzh,341,AB2
6snsbh9pno,342,AB2
8fbr7abpve,343,AB2
6rvfvebg72,344,AB2
zfmf9kma8r,345,AB2
nk8en4m1va,346,AB2
cw847gcq91,347,AB2
nkmd71vt9q,348,AB2
cung63bez1,349,AB2
zsbwcu6t9e,34,AB2
cp856yvovd,350,AB2
9573vicg7f,351,AB2
npzjnr6r93,352,AB2
mqxt75zk7l,353,AB2
63zjmin5vg,354,AB2
zdxw9azjza,355,AB2
bo7wnlvw9r,356,AB2
71zscl648f,357,AB2
cgm1bsvoc2,358,AB2
nu7hbg6rnt,359,AB2
94c49i6w8e,35,AB2
m4z27rmum4,360,AB2
nr7h9s6j85,361,AB2
xrnsn5z48p,362,AB2
8lblb5ngx4,363,AB2
8fxi6rmp75,364,AB2
zizr7rvpxs,365,AB2
7unwm38pxk,366,AB2
9inyzl728q,367,AB2
zq7p6imezi,368,AB2
6l6yzemrzu,369,AB2
cycs7lbq6w,36,AB2
8q7rvici9e,370,AB2
82nqcezo9d,371,AB2
84c2ctxsxe,372,AB2
np7lzic2cu,373,AB2
vgxovobyvj,374,AB2
c1ztxybsvk,375,AB2
9h8rmpxjnw,376,AB2
b2n4xizhb5,377,AB2
nu9i8pzf8t,378,AB2
xyb56hcezq,379,AB2
73ndxo8lmf,37,AB2
xemg9wb27y,380,AB2
628gc38a7i,381,AB2
naxd7svtvy,382,AB2
br6l6pxy6a,383,AB2
mjxwnlva6u,384,AB2
7am4vwzi7p,385,AB2
vavgxsblns,386,AB2
xezebt7ynp,387,AB2
v1vpxgbg9s,388,AB2
m271vhmrmr,389,AB2
x18q7u8s9q,38,AB2
btxpm3chml,390,AB2
6i7i8pcln3,391,AB2
8axj627w7j,392,AB2
xu94m1zf7f,393,AB2
6w6sbkvy6j,394,AB2
z3crz1z1ca,395,AB2
xqc57imgbj,396,AB2
9w9h6rm2ze,397,AB2
64m4zexw8u,398,AB2
vlz3v37tbe,399,AB2
mp659s8i8q,39,AB2
zy9dzknhnj,3,AB2
8ynlx48yva,400,AB2
m4b28yb1md,401,AB2
vr82ct64c4,402,AB2
bk6p7e8r71,403,AB2
v29jxynu73,404,AB2
nqm1bwml9k,405,AB2
9tbh728h84,406,AB2
xs6lxizqni,407,AB2
6qzuzp7hb4,408,AB2
7f7fmr6r82,409,AB2
919hvh8qx3,40,AB2
vsve9q7szk,410,AB2
cl6t71vyce,411,AB2
bsnrco9qzj,412,AB2
zu9uxkbuvi,413,AB2
ml747fxjvh,414,AB2
8qmsn4myba,415,AB2
nfnkxqmixp,416,AB2
6e9l6r9pzo,417,AB2
7ymwcu8pxg,418,AB2
bj6fnwms8a,419,AB2
ck638t75z3,41,AB2
zq9ech9sn1,420,AB2
xt8acw8ynt,421,AB2
muctm5nibd,422,AB2
zdvl727qzg,423,AB2
xknkzqnhbj,424,AB2
xw6r9rvwn1,425,AB2
nt6f6ubucs,426,AB2
brz29y6qmy,427,AB2
bazw7av5z3,428,AB2
6pmrzrv36f,429,AB2
xtva9k7oxj,42,AB2
xf9h8s7hve,430,AB2
zynemucrv1,431,AB2
bp7ynac4my,432,AB2
brbim1myvu,433,AB2
mj6hxlvrcu,434,AB2
b4cyvy8km4,435,AB2
8u7f647q7l,436,AB2
xs8lb2cy74,437,AB2
ck7tbsmovj,438,AB2
xdb38t6wnq,439,AB2
cdzsctvs7s,43,AB2
73vqnqmtbk,440,AB2
8ock7k7o7j,441,AB2
7g8hvsnlbt,442,AB2
8s9ecomu9g,443,AB2
b49kx4c19q,444,AB2
8l9r8fmtxe,445,AB2
cpxgcwnfxk,446,AB2
nyby9p8kba,447,AB2
x28sxszlb3,448,AB2
vovgximhm2,449,AB2
74nk9gvobr,44,AB2
zgntxjxrvj,450,AB2
7hc1ztmlmt,451,AB2
xhbabrx4zq,452,AB2
93vtvdvwvt,453,AB2
ba8hnf8a72,454,AB2
bu6k6wcgc2,455,AB2
zd649jns6w,456,AB2
zszinjv3zf,457,AB2
brcynp6y65,458,AB2
byvy65vtvs,459,AB2
nynu9j6pv4,45,AB2
blxoxe7d7h,460,AB2
8p937183bh,461,AB2
cw8ln3bec5,462,AB2
cux19tvl92,463,AB2
vl6uvqne6d,464,AB2
9wvd757p8j,465,AB2
b1bk8kv57d,466,AB2
nrcym162cp,467,AB2
bqz1739szf,468,AB2
md7oztcizu,469,AB2
x5vszh8abd,46,AB2
c1mg7hxk8w,470,AB2
x49a63bpcp,471,AB2
xoxgxg7p7p,472,AB2
cubqbpzd7k,473,AB2
cgbuc1nk9o,474,AB2
nd919pnr6q,475,AB2
momkzj9r84,476,AB2
bszu7yzjct,477,AB2
63nuv5ze7k,478,AB2
93cucixaxt,479,AB2
bkmq8dc4n3,47,AB2
7q9h6yzqzr,480,AB2
726qvjbezr,481,AB2
6uce7w6jvg,482,AB2
xibavw7s7l,483,AB2
m1be7p8ong,484,AB2
mp64vpn5nl,485,AB2
xtxa7qzenu,486,AB2
xwv57obf7j,487,AB2
8dc48gcd9s,488,AB2
mf8k6q8a73,489,AB2
8u94muxqzw,48,AB2
cen2nlmtcs,490,AB2
bpb5847o93,491,AB2
9yn4m16ux1,492,AB2
bpca8h8um4,493,AB2
7d8im4b46r,494,AB2
mrx27lnyno,495,AB2
n1msv5cs94,496,AB2
n2bdvrz3mt,497,AB2
mi7wn3cjc4,498,AB2
vucd739a75,499,AB2
7f6t7ov4mi,49,AB2
cl7icw7qzy,4,AB2
ny9t9uzamk,500,AB2
vhxsmhbjzf,501,AB2
8lcp8ovj8k,502,AB2
x2vln2mtz5,503,AB2
zdzjvez4cd,504,AB2
8i9dmaxqx1,505,AB2
8yvqvqmkvk,506,AB2
91746y6g6i,507,AB2
nu94n3v4n4,508,AB2
mhcrz3cp7k,509,AB2
mkbrzh8kv5,50,AB2
73covdml9f,510,AB2
b5cib48g9t,511,AB2
xuzl8amt8s,512,AB2
9yz2mt8hbh,513,AB2
8j9wxa8r7h,514,AB2
noxwco8km2,515,AB2
cfmi928w8s,516,AB2
6f9h7p9gml,517,AB2
m5bozlnems,518,AB2
mu8371nu81,519,AB2
xinjvwnunp,51,AB2
mivw6szlvy,520,AB2
xh939azfng,521,AB2
zhvh759485,522,AB2
m4chmhm28w,523,AB2
zaz5ck72zr,524,AB2
xrb48g9iva,525,AB2
73xo8jvsnl,526,AB2
9ivycocdvw,527,AB2
7h8k8wvg6i,528,AB2
nqbg9pml8t,529,AB2
b3nqv1mkby,52,AB2
6w7ezj7gml,530,AB2
7ymj7t9l8p,531,AB2
mwmg9p7s6o,532,AB2
nscdbpmdct,533,AB2
8enlmt6g9o,534,AB2
8lnjbfcrv5,535,AB2
vqmf726a6g,536,AB2
ctxk75blvu,537,AB2
byna7ivi7k,538,AB2
cj9j73cd7o,539,AB2
6snu8hnom1,53,AB2
btb3nrzu7j,540,AB2
xgzu8wnebu,541,AB2
vlnjnwvqmf,542,AB2
7ynav474cs,543,AB2
8snlxpnhmq,544,AB2
xp8g7lc3c4,545,AB2
x1n19yngvf,546,AB2
cpvjb5bl6g,547,AB2
ndzwv4vpzw,548,AB2
cs6h639hcr,549,AB2
br9rnlclvs,54,AB2
bjb4m17oc3,550,AB2
8tbt7595cu,551,AB2
mi8ob2xq9h,552,AB2
b27dcjm2vi,553,AB2
m2zs8rx1bu,554,AB2
ne6icjxrzg,555,AB2
6ictmpxy8i,556,AB2
z594nexjnh,557,AB2
vqmdms9e8u,558,AB2
ztx181b46g,559,AB2
7pcjnemg6i,55,AB2
nsnp73cq7r,560,AB2
xe7p8tc5z5,561,AB2
9ibazfvjmw,562,AB2
vsxwb5746i,563,AB2
6f75benrvj,564,AB2
vj9emizen1,565,AB2
718371bub1,566,AB2
b17rcizk6s,567,AB2
cs6tmd6jcl,568,AB2
xk7onu7y7j,569,AB2
zanqv2xtvk,56,AB2
zo9p9en4n3,570,AB2
9txr9jzr85,571,AB2
c58lba8i7t,572,AB2
7y7knw9jx1,573,AB2
8q7s8s9qnk,574,AB2
myc4ng73xh,575,AB2
7qbjxhn3bu,576,AB2
9ochme8294,577,AB2
84m4v2bixy,578,AB2
6r6pmimq9t,579,AB2
8ubw9ezpxt,57,AB2
9u7w7emec4,580,AB2
mi8knibhnk,581,AB2
zjz5cfx57r,582,AB2
c4m16r6ovk,583,AB2
b2md8e8i6i,584,AB2
vq7u8qxez5,585,AB2
xtzu8y8265,586,AB2
9e6evkclch,587,AB2
ci6uv5n3zj,588,AB2
vh9gx4n2xg,589,AB2
bwmrbuztvs,58,AB2
cfzam1mdbf,590,AB2
m2bs8w82x5,591,AB2
6obuvfvi9d,592,AB2
zf8gzgzl83,593,AB2
bhxl6lb4mo,594,AB2
9axibpzqzk,595,AB2
6jvtxdvwcp,596,AB2
zwmivrzazu,597,AB2
ni6svhmw74,598,AB2
b4z3m1cuv2,599,AB2
82mwbwbgbl,59,AB2
xtxh6t8hml,5,AB2
8y9k7pzp8h,600,AB2
727lmkmq74,601,AB2
9w84vpn58i,602,AB2
757hbo9tvy,603,AB2
cubdn2z4cy,604,AB2
cq7smr6lvj,605,AB2
7exdme93c3,606,AB2
bovpx1cicf,607,AB2
b19q9p6k72,608,AB2
vhnkve7ev1,609,AB2
74b4m4mkzo,60,AB2
vhx36qcuv2,610,AB2
mivibwxq93,611,AB2
8kvd8qnim4,612,AB2
9i6exizd6k,613,AB2
npcdcwz1ny,614,AB2
chx36a8jm4,615,AB2
85z4msnl6o,616,AB2
8u9wb5na7o,617,AB2
9pbu9hzwct,618,AB2
9ezyci85vg,619,AB2
ny6ymf6pzu,61,AB2
627hc5xp7g,620,AB2
bdbizg74vt,621,AB2
7ave8rzrzj,622,AB2
chblzgzezr,623,AB2
v2xdzuv2z3,624,AB2
7ovu7jbu6r,625,AB2
njna8hv4mi,626,AB2
6lv4x2nemp,627,AB2
8lzp7lnfb1,628,AB2
xy9dbin5vl,629,AB2
xd7aciztvu,62,AB2
bdctzwcg8h,630,AB2
vo73717r8d,631,AB2
vov36l6gzu,632,AB2
9d6y74b5by,633,AB2
c1na8ebl65,634,AB2
x3cqcfzsxp,635,AB2
9lxdbr83vj,636,AB2
b3vpnpclco,637,AB2
zy8fbgxfzk,638,AB2
n3mrbs62xe,639,AB2
m46e6tbr84,63,AB2
x5ngb48dbr,640,AB2
mhn49px3vt,641,AB2
mwxdzp8g7u,642,AB2
b3maz37tbt,643,AB2
b49gzyc1c2,644,AB2
9y8162zsc2,645,AB2
6aztxrbh63,646,AB2
zu6lnfze71,647,AB2
6gmf61vu9u,648,AB2
zoxsbkmyna,649,AB2
9knk63mjcw,64,AB2
c5no8tnjxu,650,AB2
616q7wbszh,651,AB2
vovl8d7wvi,652,AB2
bqz5zt7e7d,653,AB2
bpc2nk6qz1,654,AB2
6qcdb4bov2,655,AB2
7on5md7rng,656,AB2
zlxp81bazy,657,AB2
926dnunrxf,658,AB2
756d7e9wvd,659,AB2
9ubpbf758a,65,AB2
9fzsxk828a,660,AB2
cg8p7fxq65,661,AB2
vtzi7tcony,662,AB2
mfzdxob48f,663,AB2
9qzl9t7l84,664,AB2
n3m194ce9y,665,AB2
c1vimsmgnt,666,AB2
8y8acg9qbd,667,AB2
mgndb17w74,668,AB2
nkcsv18j8j,669,AB2
75c47k9txp,66,AB2
94vpcyzh9u,670,AB2
vfzuxav2nk,671,AB2
6fnuvfzjzg,672,AB2
cebrceny62,673,AB2
xjbj6fbfn1,674,AB2
v1zexkm39r,675,AB2
nazu9q9l9h,676,AB2
vgxp94xi9i,677,AB2
xacfck9qz5,678,AB2
6hmpcenqc3,679,AB2
xi9ibgbrmr,67,AB2
z1muvaxuxe,680,AB2
xib58r75vq,681,AB2
vhv39q6e9j,682,AB2
9lcpn26kv5,683,AB2
min261bjzd,684,AB2
8lmuzfxs7i,685,AB2
bubams6rnj,686,AB2
xi9e6jmibp,687,AB2
7h6wxjnf7t,688,AB2
6dxsvlbymt,689,AB2
7h7fcf8ax3,68,AB2
v2mr8jn471,690,AB2
xazkmy7wbd,691,AB2
c38dvjmwbu,692,AB2
zrct94bd7l,693,AB2
72m4mr6avj,694,AB2
n28kvyb5bh,695,AB2
6gbs95ce83,696,AB2
8495vjvsc3,69,AB2
ca7u6o9ins,6,AB2
73nhvjxyxf,70,AB2
6r9r8fvi64,71,AB2
xonhb1cgnq,72,AB2
8aza84xlvs,73,AB2
bsv4nex29l,74,AB2
mtx37emg6e,75,AB2
6jzdzg8uxg,76,AB2
x1c29kc28e,77,AB2
7lvqz1bixq,78,AB2
moxlxq9fzl,79,AB2
nwxkm3c5b5,7,AB2
vwxrnun48g,80,AB2
ci8sv291xo,81,AB2
by8f8lmtb5,82,AB2
9wzqvtmw6a,83,AB2
61my8rcr8g,84,AB2
9j83zhzpvf,85,AB2
9kbj716a6d,86,AB2
n4xq8uv1cu,87,AB2
ch9w7u628q,88,AB2
cgvo94v5cp,89,AB2
v47av3mg9h,8,AB2
mkbj6e6e9p,90,AB2
mtbhcenjme,91,AB2
6k9qn3cw6w,92,AB2
61vrb2m4xo,93,AB2
mwc4xhbg8y,94,AB2
9f9ybtvpcy,95,AB2
c1mkzq9kc4,96,AB2
cfxf8a919e,97,AB2
mlxezs8u7t,98,AB2
nkm5bynaza,99,AB2
6r716sxr9t,9,AB2
v4zonyzw7d,10054,AB2
zibtxizjzl,0,AB3
mg7ev1mu7i,100,AB3
xdz3v5vgcg,101,AB3
v5cym3nycg,102,AB3
vj7t6185ma,103,AB3
bjngmqvp9t,104,AB3
7273c1naba,105,AB3
cgxkbicgz4,106,AB3
7rxl94ve74,107,AB3
n5cgzabi8t,108,AB3
7en56j64mi,109,AB3
mtv3ca7585,10,AB3
z2nh817ene,110,AB3
zwnung6s71,111,AB3
9e8jmu7hmo,112,AB3
b583vr8hvw,113,AB3
7qm56wxj8s,114,AB3
7f8pm5mhnu,115,AB3
zr9ic2zaz5,116,AB3
9pzh8yxixe,117,AB3
mj7wbfb5nt,118,AB3
ze6y7p9y8i,119,AB3
94x5nkmjmf,11,AB3
656qniby7j,120,AB3
6lzwn2bgms,121,AB3
8a9gmrcfcu,122,AB3
z26gbl9pme,123,AB3
61mwz4ny85,124,AB3
9fnimdm395,125,AB3
brnhny8y92,126,AB3
zavgcone6h,127,AB3
xjxdzi73bg,128,AB3
mrbine8k72,129,AB3
zpne9km3c5,12,AB3
8k72z48d9l,130,AB3
63xlmhno8h,131,AB3
9txdvicqcf,132,AB3
xwvhnh9sx4,133,AB3
6pvt6r95ve,134,AB3
cgvy7ext9g,135,AB3
vlxp9abd6h,136,AB3
np6o8wmhzt,137,AB3
nanybe6u9u,138,AB3
bjbfctc1b3,139,AB3
xfzwchntme,13,AB3
9oxrmebhm1,140,AB3
cy94mecq6g,141,AB3
nk8in1n383,142,AB3
vw7y8dvyvy,143,AB3
9amabibdx4,144,AB3
mjctxrx3zf,145,AB3
xy6kzjninu,146,AB3
vtntbhvtz3,147,AB3
7omp8dmamf,148,AB3
cgx3mkzhmd,149,AB3
94vpmqvh9p,14,AB3
71ndci8rx3,150,AB3
8i63m2b5ve,151,AB3
8p9s83co9h,152,AB3
bf6hny8img,153,AB3
vk7anu6rxe,154,AB3
mgcecdv2z3,155,AB3
nocg9ivex1,156,AB3
6d6a8a637i,157,AB3
9k7pvd7izl,158,AB3
mububjnwc2,159,AB3
6exo6pcwbt,15,AB3
6qvlcl6iv2,160,AB3
6jxeb5v4z3,161,AB3
xfvhck9gcs,162,AB3
mfme9lbtxq,163,AB3
b5cgvsb16w,164,AB3
mony9ibt9r,165,AB3
b4nj9dmw7r,166,AB3
m2vw81ba6e,167,AB3
8gnovr727t,168,AB3
mpbqn3cs8t,169,AB3
6qca6qnfme,16,AB3
vwm4v3vtvj,170,AB3
xjng8s8lxi,171,AB3
muvhc5xj6l,172,AB3
8uxgxpblcs,173,AB3
macixavwv3,174,AB3
8ymh8qnl6o,175,AB3
x48d9oc591,176,AB3
82bucfb28a,177,AB3
639a63mabs,178,AB3
92zoc5vkm5,179,AB3
z5ms8a629a,17,AB3
8avd8d7rbe,180,AB3
ngn4xec1mo,181,AB3
vwcwxo9r7e,182,AB3
xk8ubhclcl,183,AB3
8jz4x16hvw,184,AB3
vomrbsm2vf,185,AB3
8g6g9dv47g,186,AB3
8gnt9rnd92,187,AB3
mp6lno9jzr,188,AB3
v3ck75caxk,189,AB3
6pv3bi6fb5,18,AB3
xozr8f7p7g,190,AB3
m4vd7ac3by,191,AB3
xg6exl6rmp,192,AB3
9pb4c1927h,193,AB3
zimuby8uzj,194,AB3
x5nlvgnaxj,195,AB3
m57pntxkml,196,AB3
7tzyvtn26o,197,AB3
vt9ynkzyna,198,AB3
br926e9ins,199,AB3
6dzhcimdxs,19,AB3
8hmkmu8szs,1,AB3
mjvo7lcwzf,200,AB3
8481z1n1na,201,AB3
npbq9ynjn2,202,AB3
vgzkzqx5cf,203,AB3
zk9q9yn3b2,204,AB3
mhcp8tvtch,205,AB3
7ymenpzh6u,206,AB3
8p8evt9pcg,207,AB3
vwv4nfc18o,208,AB3
7lxicqnrzy,209,AB3
zemeclx1vu,20,AB3
v3v5ztxt7q,210,AB3
z2vdc1bh7y,211,AB3
xq9axa9dxa,212,AB3
847uxp8gmp,213,AB3
mpb2movibu,214,AB3
b4nrnqvl8h,215,AB3
9obw8dbrvy,216,AB3
xu6ivyvfvf,217,AB3
8h9snabqca,218,AB3
vi83m1vkxe,219,AB3
9emsc3bl7g,21,AB3
95x1ctvenl,220,AB3
7293noz3xj,221,AB3
zgxg9o7kny,222,AB3
xlziv2zr9g,223,AB3
6t8u6kcr8t,224,AB3
mkmsvkcyc5,225,AB3
n3bobiv39q,226,AB3
n5858d8o9j,227,AB3
8una9s8exe,228,AB3
ve7fb4vi8w,229,AB3
xpv27gbo9j,22,AB3
62xp6e9yzs,230,AB3
8k7expx2bp,231,AB3
zqbqxjxfzs,232,AB3
zobr6ebk8u,233,AB3
7yce9484mq,234,AB3
bpctcem482,235,AB3
bg8h8562zi,236,AB3
6384vt7pml,237,AB3
xk8e8g6acu,238,AB3
6f9fzy7ac5,239,AB3
mrn1ch8r6s,23,AB3
9hc58scr8f,240,AB3
xuvkcucdzf,241,AB3
95nfmd6fce,242,AB3
zebabecec1,243,AB3
mkvpml8q9e,244,AB3
7ex5numq8u,245,AB3
zez2zp9o7o,246,AB3
9gcdxhzemj,247,AB3
miceml8yc1,248,AB3
8l919k6s7p,249,AB3
7ic1vt7pz4,24,AB3
me8d9sx47e,250,AB3
zi9svixkvk,251,AB3
zqzi9oxozd,252,AB3
71ndxsch8y,253,AB3
x57yxezkxl,254,AB3
bgcpc2vabf,255,AB3
8p858rmumw,256,AB3
6tmjv4myvg,257,AB3
binlzubqnp,258,AB3
8wxibl7lm4,25,AB3
vwxfn3blxi,26,AB3
8ivkxwnhva,27,AB3
zwvqnhbk7f,28,AB3
mu6omk6k9l,29,AB3
xfbhx5nyvd,2,AB3
b5n5949r6e,30,AB3
mg6hclb29d,31,AB3
v57txw6dbw,32,AB3
ntx38tmfxi,33,AB3
v1vs8s7jvo,34,AB3
njntmu9w93,35,AB3
xsnsnozgxq,36,AB3
nivdbkxfbl,37,AB3
bpvynr7p9w,38,AB3
vpnhmtmyxh,39,AB3
7h62vo74x4,3,AB3
x19jvf73mh,40,AB3
bfn273nkc2,41,AB3
6h9ozjn37g,42,AB3
vtnfnrbh6s,43,AB3
826d7a7y6t,44,AB3
nrml6dms9l,45,AB3
7u7k75mebp,46,AB3
npvumg7g93,47,AB3
7qxq8lce9u,48,AB3
bo8lz185z1,49,AB3
949rnem5z2,4,AB3
7i7s9pzuco,50,AB3
vfxezkmsv2,51,AB3
mq8o71z58t,52,AB3
7f7svsnpvg,53,AB3
6fcdbh9fz2,54,AB3
9pna8avr6y,55,AB3
8561zfxl7q,56,AB3
vp7gxqv191,57,AB3
8jvfcyvk92,58,AB3
9p8d7fvjbr,59,AB3
zw9pbrnabj,5,AB3
9pv49ox2c1,60,AB3
z2xszectcs,61,AB3
c5b59y8d85,62,AB3
nin1v1npba,63,AB3
mp7svl6j8s,64,AB3
xw9y6rbkxr,65,AB3
xtbocq9o6p,66,AB3
mhmlnu9ynw,67,AB3
v2blxebixh,68,AB3
8pmqmq9r8f,69,AB3
9rz5nl9g6o,6,AB3
7av2zgmqvp,70,AB3
9lmkmh8s8r,71,AB3
mtclmozw8t,72,AB3
na9exovani,73,AB3
c28gcrm4mi,74,AB3
njnumq9w7r,75,AB3
nt8e6qmac2,76,AB3
zimixdvdxd,77,AB3
m28in4xy9q,78,AB3
zr6s6qzdx2,79,AB3
z36lb3bdcq,7,AB3
npb383nemf,80,AB3
9ez1cpzj7k,81,AB3
8y6sck62xf,82,AB3
7h7yns937p,83,AB3
7y92xqcoby,84,AB3
bt8r6jz26o,85,AB3
xfndvkclnp,86,AB3
6s648e8s6p,87,AB3
vlbdnoxlnh,88,AB3
6tvo819y9e,89,AB3
b5757fmaxd,8,AB3
zdvt8a8f7j,90,AB3
64vo6w8wvq,91,AB3
7e6fm2ci7f,92,AB3
bwzk8k6rb4,93,AB3
b1mh6qmj62,94,AB3
xlbfb49wml,95,AB3
9sx5z4m1x1,96,AB3
9i6ixublcr,97,AB3
cqbrnhbacg,98,AB3
x2vtvkcezt,99,AB3
vwbhvwmjmw,9,AB3
v1bebhmeny,298609,AB3
vjvfzpb48y,309147,AB3
6svsc4bqxh,325288,AB3
x4zsxdmanr,349774,AB3
826imfvjm5,690788,AB3
x5xfz16h95,694981,AB3
nl9gb2csx5,694982,AB3
65xlxp7o8i,825007,AB3
nu64ni7a6i,825034,AB3
z17s6dzu6r,825035,AB3
